"Page ID","Page name","Data comment",Date,"Estimated earnings (USD)","Estimated earnings by Video (USD)","Estimated Stars earnings (USD)","Monetisable 1-minute video views","Monetisable view RPM","Ad CPM (USD)","Unique user engagements","Overall negative feedback","Overall negative feedback: Hide all","Overall negative feedback: Hide","Overall negative feedback: Report as spam","Overall negative feedback: Unlike Page","Overall negative feedback: Click X button","Unique negative feedback from users"
1619647795010416,Shreelaxmistonedepot,,01/01/2025,0,0,0,0,0,0,0,0,0,0,0,0,0,0
1619647795010416,Shreelaxmistonedepot,,01/02/2025,0,0,0,0,0,0,0,0,0,0,0,0,0,0
1619647795010416,Shreelaxmistonedepot,,01/03/2025,0,0,0,0,0,0,0,0,0,0,0,0,0,0
1619647795010416,Shreelaxmistonedepot,,01/04/2025,0,0,0,0,0,0,0,0,0,0,0,0,0,0
1619647795010416,Shreelaxmistonedepot,,01/05/2025,0,0,0,0,0,0,0,0,0,0,0,0,0,0
1619647795010416,Shreelaxmistonedepot,,01/06/2025,0,0,0,0,0,0,0,0,0,0,0,0,0,0
1619647795010416,Shreelaxmistonedepot,,01/07/2025,0,0,0,0,0,0,0,0,0,0,0,0,0,0
1619647795010416,Shreelaxmistonedepot,,01/08/2025,0,0,0,0,0,0,0,0,0,0,0,0,0,0
1619647795010416,Shreelaxmistonedepot,,01/09/2025,0,0,0,0,0,0,34,0,0,0,0,0,0,0
1619647795010416,Shreelaxmistonedepot,,01/10/2025,0,0,0,0,0,0,47,0,0,0,0,0,0,0
1619647795010416,Shreelaxmistonedepot,,01/11/2025,0,0,0,0,0,0,58,0,0,0,0,0,0,0
1619647795010416,Shreelaxmistonedepot,,01/12/2025,0,0,0,0,0,0,114,0,0,0,0,0,0,0
1619647795010416,Shreelaxmistonedepot,,01/13/2025,0,0,0,0,0,0,82,0,0,0,0,0,0,0
1619647795010416,Shreelaxmistonedepot,,01/14/2025,0,0,0,0,0,0,117,0,0,0,0,0,0,0
1619647795010416,Shreelaxmistonedepot,,01/15/2025,0,0,0,0,0,0,73,0,0,0,0,0,0,0
1619647795010416,Shreelaxmistonedepot,,01/16/2025,0,0,0,0,0,0,76,0,0,0,0,0,0,0
1619647795010416,Shreelaxmistonedepot,,01/17/2025,0,0,0,0,0,0,50,0,0,0,0,0,0,0
1619647795010416,Shreelaxmistonedepot,,01/18/2025,0,0,0,0,0,0,75,0,0,0,0,0,0,0
1619647795010416,Shreelaxmistonedepot,,01/19/2025,0,0,0,0,0,0,22,0,0,0,0,0,0,0
1619647795010416,Shreelaxmistonedepot,,01/20/2025,0,0,0,3,0,0,0,0,0,0,0,0,0,0
1619647795010416,Shreelaxmistonedepot,,01/21/2025,0,0,0,0,0,0,2,0,0,0,0,0,0,0
1619647795010416,Shreelaxmistonedepot,,01/22/2025,0,0,0,1,0,0,3,0,0,0,0,0,0,0
1619647795010416,Shreelaxmistonedepot,,01/23/2025,0,0,0,0,0,0,1,0,0,0,0,0,0,0
1619647795010416,Shreelaxmistonedepot,,01/24/2025,0,0,0,0,0,0,0,0,0,0,0,0,0,0
1619647795010416,Shreelaxmistonedepot,,01/25/2025,0,0,0,0,0,0,1,0,0,0,0,0,0,0
1619647795010416,Shreelaxmistonedepot,,01/26/2025,0,0,0,0,0,0,2,0,0,0,0,0,0,0
1619647795010416,Shreelaxmistonedepot,,01/27/2025,0,0,0,0,0,0,0,0,0,0,0,0,0,0
1619647795010416,Shreelaxmistonedepot,,01/28/2025,0,0,0,0,0,0,0,0,0,0,0,0,0,0
1619647795010416,Shreelaxmistonedepot,,01/29/2025,0,0,0,0,0,0,0,0,0,0,0,0,0,0
1619647795010416,Shreelaxmistonedepot,,01/30/2025,0,0,0,0,0,0,0,0,0,0,0,0,0,0
1619647795010416,Shreelaxmistonedepot,,01/31/2025,0,0,0,0,0,0,1,0,0,0,0,0,0,0
1619647795010416,Shreelaxmistonedepot,,02/01/2025,0,0,0,0,0,0,1,0,0,0,0,0,0,0
1619647795010416,Shreelaxmistonedepot,,02/02/2025,0,0,0,0,0,0,0,0,0,0,0,0,0,0
1619647795010416,Shreelaxmistonedepot,,02/03/2025,0,0,0,0,0,0,0,0,0,0,0,0,0,0
1619647795010416,Shreelaxmistonedepot,,02/04/2025,0,0,0,0,0,0,0,0,0,0,0,0,0,0
1619647795010416,Shreelaxmistonedepot,,02/05/2025,0,0,0,0,0,0,0,0,0,0,0,0,0,0
1619647795010416,Shreelaxmistonedepot,,02/06/2025,0,0,0,0,0,0,0,0,0,0,0,0,0,0
1619647795010416,Shreelaxmistonedepot,,02/07/2025,0,0,0,1,0,0,0,0,0,0,0,0,0,0
1619647795010416,Shreelaxmistonedepot,,02/08/2025,0,0,0,0,0,0,0,0,0,0,0,0,0,0
1619647795010416,Shreelaxmistonedepot,,02/09/2025,0,0,0,0,0,0,1,0,0,0,0,0,0,0
1619647795010416,Shreelaxmistonedepot,,02/10/2025,0,0,0,0,0,0,2,0,0,0,0,0,0,0
1619647795010416,Shreelaxmistonedepot,,02/11/2025,0,0,0,5,0,0,3,0,0,0,0,0,0,0
1619647795010416,Shreelaxmistonedepot,,02/12/2025,0,0,0,2,0,0,2,0,0,0,0,0,0,0
1619647795010416,Shreelaxmistonedepot,,02/13/2025,0,0,0,0,0,0,0,0,0,0,0,0,0,0
1619647795010416,Shreelaxmistonedepot,,02/14/2025,0,0,0,0,0,0,0,0,0,0,0,0,0,0
1619647795010416,Shreelaxmistonedepot,,02/15/2025,0,0,0,0,0,0,0,0,0,0,0,0,0,0
1619647795010416,Shreelaxmistonedepot,,02/16/2025,0,0,0,0,0,0,0,0,0,0,0,0,0,0
1619647795010416,Shreelaxmistonedepot,,02/17/2025,0,0,0,0,0,0,1,0,0,0,0,0,0,0
1619647795010416,Shreelaxmistonedepot,,02/18/2025,0,0,0,0,0,0,2,0,0,0,0,0,0,0
1619647795010416,Shreelaxmistonedepot,,02/19/2025,0,0,0,0,0,0,1,0,0,0,0,0,0,0
1619647795010416,Shreelaxmistonedepot,,02/20/2025,0,0,0,0,0,0,0,0,0,0,0,0,0,0
1619647795010416,Shreelaxmistonedepot,,02/21/2025,0,0,0,0,0,0,0,0,0,0,0,0,0,0
1619647795010416,Shreelaxmistonedepot,,02/22/2025,0,0,0,0,0,0,0,0,0,0,0,0,0,0
1619647795010416,Shreelaxmistonedepot,,02/23/2025,0,0,0,0,0,0,0,0,0,0,0,0,0,0
1619647795010416,Shreelaxmistonedepot,,02/24/2025,0,0,0,0,0,0,1,0,0,0,0,0,0,0
1619647795010416,Shreelaxmistonedepot,,02/25/2025,0,0,0,0,0,0,2,0,0,0,0,0,0,0
1619647795010416,Shreelaxmistonedepot,,02/26/2025,0,0,0,0,0,0,1,0,0,0,0,0,0,0
1619647795010416,Shreelaxmistonedepot,,02/27/2025,0,0,0,0,0,0,0,0,0,0,0,0,0,0
1619647795010416,Shreelaxmistonedepot,,02/28/2025,0,0,0,0,0,0,0,0,0,0,0,0,0,0
1619647795010416,Shreelaxmistonedepot,,03/01/2025,0,0,0,0,0,0,1,0,0,0,0,0,0,0
1619647795010416,Shreelaxmistonedepot,,03/02/2025,0,0,0,0,0,0,0,0,0,0,0,0,0,0
1619647795010416,Shreelaxmistonedepot,,03/03/2025,0,0,0,0,0,0,0,0,0,0,0,0,0,0
1619647795010416,Shreelaxmistonedepot,,03/04/2025,0,0,0,0,0,0,1,0,0,0,0,0,0,0
1619647795010416,Shreelaxmistonedepot,,03/05/2025,0,0,0,0,0,0,1,0,0,0,0,0,0,0
1619647795010416,Shreelaxmistonedepot,,03/06/2025,0,0,0,0,0,0,0,0,0,0,0,0,0,0
1619647795010416,Shreelaxmistonedepot,,03/07/2025,0,0,0,0,0,0,3,0,0,0,0,0,0,0
1619647795010416,Shreelaxmistonedepot,,03/08/2025,0,0,0,0,0,0,0,0,0,0,0,0,0,0
1619647795010416,Shreelaxmistonedepot,,03/09/2025,0,0,0,0,0,0,0,0,0,0,0,0,0,0
1619647795010416,Shreelaxmistonedepot,,03/10/2025,0,0,0,0,0,0,0,0,0,0,0,0,0,0
1619647795010416,Shreelaxmistonedepot,,03/11/2025,0,0,0,0,0,0,1,0,0,0,0,0,0,0
1619647795010416,Shreelaxmistonedepot,,03/12/2025,0,0,0,0,0,0,1,0,0,0,0,0,0,0
1619647795010416,Shreelaxmistonedepot,,03/13/2025,0,0,0,0,0,0,0,0,0,0,0,0,0,0
1619647795010416,Shreelaxmistonedepot,,03/14/2025,0,0,0,0,0,0,0,0,0,0,0,0,0,0
1619647795010416,Shreelaxmistonedepot,,03/15/2025,0,0,0,0,0,0,0,0,0,0,0,0,0,0
1619647795010416,Shreelaxmistonedepot,,03/16/2025,0,0,0,0,0,0,0,0,0,0,0,0,0,0
1619647795010416,Shreelaxmistonedepot,,03/17/2025,0,0,0,0,0,0,0,0,0,0,0,0,0,0
1619647795010416,Shreelaxmistonedepot,,03/18/2025,0,0,0,0,0,0,0,0,0,0,0,0,0,0
1619647795010416,Shreelaxmistonedepot,,03/19/2025,0,0,0,0,0,0,2,0,0,0,0,0,0,0
1619647795010416,Shreelaxmistonedepot,,03/20/2025,0,0,0,0,0,0,1,0,0,0,0,0,0,0
1619647795010416,Shreelaxmistonedepot,,03/21/2025,0,0,0,0,0,0,1,0,0,0,0,0,0,0
1619647795010416,Shreelaxmistonedepot,,03/22/2025,0,0,0,0,0,0,0,0,0,0,0,0,0,0
1619647795010416,Shreelaxmistonedepot,,03/23/2025,0,0,0,0,0,0,0,0,0,0,0,0,0,0
1619647795010416,Shreelaxmistonedepot,,03/24/2025,0,0,0,0,0,0,0,0,0,0,0,0,0,0
1619647795010416,Shreelaxmistonedepot,,03/25/2025,0,0,0,0,0,0,3,0,0,0,0,0,0,0
1619647795010416,Shreelaxmistonedepot,,03/26/2025,0,0,0,0,0,0,0,0,0,0,0,0,0,0
1619647795010416,Shreelaxmistonedepot,,03/27/2025,0,0,0,0,0,0,0,0,0,0,0,0,0,0
1619647795010416,Shreelaxmistonedepot,,03/28/2025,0,0,0,0,0,0,2,0,0,0,0,0,0,0
1619647795010416,Shreelaxmistonedepot,,03/29/2025,0,0,0,0,0,0,3,0,0,0,0,0,0,0
1619647795010416,Shreelaxmistonedepot,,03/30/2025,0,0,0,0,0,0,2,0,0,0,0,0,0,0
1619647795010416,Shreelaxmistonedepot,,03/31/2025,0,0,0,0,0,0,3,0,0,0,0,0,0,0
1619647795010416,Shreelaxmistonedepot,,04/01/2025,0,0,0,0,0,0,0,0,0,0,0,0,0,0
1619647795010416,Shreelaxmistonedepot,,04/02/2025,0,0,0,0,0,0,1,0,0,0,0,0,0,0
1619647795010416,Shreelaxmistonedepot,,04/03/2025,0,0,0,0,0,0,0,0,0,0,0,0,0,0
1619647795010416,Shreelaxmistonedepot,,04/04/2025,0,0,0,0,0,0,1,0,0,0,0,0,0,0
1619647795010416,Shreelaxmistonedepot,,04/05/2025,0,0,0,0,0,0,1,0,0,0,0,0,0,0
1619647795010416,Shreelaxmistonedepot,,04/06/2025,0,0,0,0,0,0,0,0,0,0,0,0,0,0
1619647795010416,Shreelaxmistonedepot,,04/07/2025,0,0,0,0,0,0,0,0,0,0,0,0,0,0
1619647795010416,Shreelaxmistonedepot,,04/08/2025,0,0,0,0,0,0,0,0,0,0,0,0,0,0
1619647795010416,Shreelaxmistonedepot,,04/09/2025,0,0,0,0,0,0,1,0,0,0,0,0,0,0
1619647795010416,Shreelaxmistonedepot,,04/10/2025,0,0,0,0,0,0,1,0,0,0,0,0,0,0
1619647795010416,Shreelaxmistonedepot,,04/11/2025,0,0,0,0,0,0,1,0,0,0,0,0,0,0
1619647795010416,Shreelaxmistonedepot,,04/12/2025,0,0,0,0,0,0,1,0,0,0,0,0,0,0
1619647795010416,Shreelaxmistonedepot,,04/13/2025,0,0,0,0,0,0,1,0,0,0,0,0,0,0
1619647795010416,Shreelaxmistonedepot,,04/14/2025,0,0,0,0,0,0,2,0,0,0,0,0,0,0
1619647795010416,Shreelaxmistonedepot,,04/15/2025,0,0,0,0,0,0,3,0,0,0,0,0,0,0
1619647795010416,Shreelaxmistonedepot,,04/16/2025,0,0,0,0,0,0,3,0,0,0,0,0,0,0
1619647795010416,Shreelaxmistonedepot,,04/17/2025,0,0,0,0,0,0,2,0,0,0,0,0,0,0
1619647795010416,Shreelaxmistonedepot,,04/18/2025,0,0,0,0,0,0,1,0,0,0,0,0,0,0
1619647795010416,Shreelaxmistonedepot,,04/19/2025,0,0,0,0,0,0,1,0,0,0,0,0,0,0
1619647795010416,Shreelaxmistonedepot,,04/20/2025,0,0,0,0,0,0,0,0,0,0,0,0,0,0
1619647795010416,Shreelaxmistonedepot,,04/21/2025,0,0,0,0,0,0,0,0,0,0,0,0,0,0
1619647795010416,Shreelaxmistonedepot,,04/22/2025,0,0,0,0,0,0,1,0,0,0,0,0,0,0
1619647795010416,Shreelaxmistonedepot,,04/23/2025,0,0,0,0,0,0,2,0,0,0,0,0,0,0
1619647795010416,Shreelaxmistonedepot,,04/24/2025,0,0,0,0,0,0,25,0,0,0,0,0,0,0
1619647795010416,Shreelaxmistonedepot,,04/25/2025,0,0,0,0,0,0,1,0,0,0,0,0,0,0
1619647795010416,Shreelaxmistonedepot,,04/26/2025,0,0,0,0,0,0,0,0,0,0,0,0,0,0
1619647795010416,Shreelaxmistonedepot,,04/27/2025,0,0,0,0,0,0,0,0,0,0,0,0,0,0
1619647795010416,Shreelaxmistonedepot,,04/28/2025,0,0,0,0,0,0,46,0,0,0,0,0,0,0
1619647795010416,Shreelaxmistonedepot,,04/29/2025,0,0,0,0,0,0,27,0,0,0,0,0,0,0
1619647795010416,Shreelaxmistonedepot,,04/30/2025,0,0,0,0,0,0,33,0,0,0,0,0,0,0
1619647795010416,Shreelaxmistonedepot,,05/01/2025,0,0,0,0,0,0,38,0,0,0,0,0,0,0
1619647795010416,Shreelaxmistonedepot,,05/02/2025,0,0,0,0,0,0,37,0,0,0,0,0,0,0
1619647795010416,Shreelaxmistonedepot,,05/03/2025,0,0,0,0,0,0,22,0,0,0,0,0,0,0
1619647795010416,Shreelaxmistonedepot,,05/04/2025,0,0,0,0,0,0,23,0,0,0,0,0,0,0
1619647795010416,Shreelaxmistonedepot,,05/05/2025,0,0,0,0,0,0,37,0,0,0,0,0,0,0
1619647795010416,Shreelaxmistonedepot,,05/06/2025,0,0,0,0,0,0,27,0,0,0,0,0,0,0
1619647795010416,Shreelaxmistonedepot,,05/07/2025,0,0,0,0,0,0,5,0,0,0,0,0,0,0
1619647795010416,Shreelaxmistonedepot,,05/08/2025,0,0,0,0,0,0,0,0,0,0,0,0,0,0
1619647795010416,Shreelaxmistonedepot,,05/09/2025,0,0,0,0,0,0,0,0,0,0,0,0,0,0
1619647795010416,Shreelaxmistonedepot,,05/10/2025,0,0,0,0,0,0,1,0,0,0,0,0,0,0
1619647795010416,Shreelaxmistonedepot,,05/11/2025,0,0,0,0,0,0,1,0,0,0,0,0,0,0
1619647795010416,Shreelaxmistonedepot,,05/12/2025,0,0,0,0,0,0,0,0,0,0,0,0,0,0
1619647795010416,Shreelaxmistonedepot,,05/13/2025,0,0,0,0,0,0,1,0,0,0,0,0,0,0
1619647795010416,Shreelaxmistonedepot,,05/14/2025,0,0,0,0,0,0,0,0,0,0,0,0,0,0
1619647795010416,Shreelaxmistonedepot,,05/15/2025,0,0,0,0,0,0,2,0,0,0,0,0,0,0
1619647795010416,Shreelaxmistonedepot,,05/16/2025,0,0,0,0,0,0,0,0,0,0,0,0,0,0
1619647795010416,Shreelaxmistonedepot,,05/17/2025,0,0,0,0,0,0,0,0,0,0,0,0,0,0
1619647795010416,Shreelaxmistonedepot,,05/18/2025,0,0,0,0,0,0,0,0,0,0,0,0,0,0
1619647795010416,Shreelaxmistonedepot,,05/19/2025,0,0,0,0,0,0,0,0,0,0,0,0,0,0
1619647795010416,Shreelaxmistonedepot,,05/20/2025,0,0,0,0,0,0,0,0,0,0,0,0,0,0
1619647795010416,Shreelaxmistonedepot,,05/21/2025,0,0,0,0,0,0,0,0,0,0,0,0,0,0
1619647795010416,Shreelaxmistonedepot,,05/22/2025,0,0,0,0,0,0,0,0,0,0,0,0,0,0
1619647795010416,Shreelaxmistonedepot,,05/23/2025,0,0,0,0,0,0,0,0,0,0,0,0,0,0
1619647795010416,Shreelaxmistonedepot,,05/24/2025,0,0,0,0,0,0,0,0,0,0,0,0,0,0
1619647795010416,Shreelaxmistonedepot,,05/25/2025,0,0,0,0,0,0,0,0,0,0,0,0,0,0
1619647795010416,Shreelaxmistonedepot,,05/26/2025,0,0,0,0,0,0,0,0,0,0,0,0,0,0
1619647795010416,Shreelaxmistonedepot,,05/27/2025,0,0,0,0,0,0,0,0,0,0,0,0,0,0
1619647795010416,Shreelaxmistonedepot,,05/28/2025,0,0,0,0,0,0,1,0,0,0,0,0,0,0
1619647795010416,Shreelaxmistonedepot,,05/29/2025,0,0,0,0,0,0,0,0,0,0,0,0,0,0
1619647795010416,Shreelaxmistonedepot,,05/30/2025,0,0,0,0,0,0,1,0,0,0,0,0,0,0
1619647795010416,Shreelaxmistonedepot,,05/31/2025,0,0,0,0,0,0,3,0,0,0,0,0,0,0
1619647795010416,Shreelaxmistonedepot,,06/01/2025,0,0,0,0,0,0,2,0,0,0,0,0,0,0
1619647795010416,Shreelaxmistonedepot,,06/02/2025,0,0,0,0,0,0,0,0,0,0,0,0,0,0
1619647795010416,Shreelaxmistonedepot,,06/03/2025,0,0,0,0,0,0,1,0,0,0,0,0,0,0
1619647795010416,Shreelaxmistonedepot,,06/04/2025,0,0,0,0,0,0,1,0,0,0,0,0,0,0
1619647795010416,Shreelaxmistonedepot,,06/05/2025,0,0,0,0,0,0,1,0,0,0,0,0,0,0
1619647795010416,Shreelaxmistonedepot,,06/06/2025,0,0,0,0,0,0,2,0,0,0,0,0,0,0
1619647795010416,Shreelaxmistonedepot,,06/07/2025,0,0,0,0,0,0,1,0,0,0,0,0,0,0
1619647795010416,Shreelaxmistonedepot,,06/08/2025,0,0,0,0,0,0,0,0,0,0,0,0,0,0
1619647795010416,Shreelaxmistonedepot,,06/09/2025,0,0,0,0,0,0,1,0,0,0,0,0,0,0
1619647795010416,Shreelaxmistonedepot,,06/10/2025,0,0,0,0,0,0,0,0,0,0,0,0,0,0
1619647795010416,Shreelaxmistonedepot,,06/11/2025,0,0,0,0,0,0,1,0,0,0,0,0,0,0
1619647795010416,Shreelaxmistonedepot,,06/12/2025,0,0,0,0,0,0,0,0,0,0,0,0,0,0
1619647795010416,Shreelaxmistonedepot,,06/13/2025,0,0,0,0,0,0,2,0,0,0,0,0,0,0
1619647795010416,Shreelaxmistonedepot,,06/14/2025,0,0,0,0,0,0,1,0,0,0,0,0,0,0
1619647795010416,Shreelaxmistonedepot,,06/15/2025,0,0,0,0,0,0,2,0,0,0,0,0,0,0
1619647795010416,Shreelaxmistonedepot,,06/16/2025,0,0,0,0,0,0,1,0,0,0,0,0,0,0
1619647795010416,Shreelaxmistonedepot,,06/17/2025,0,0,0,0,0,0,1,0,0,0,0,0,0,0
1619647795010416,Shreelaxmistonedepot,,06/18/2025,0,0,0,0,0,0,0,0,0,0,0,0,0,0
1619647795010416,Shreelaxmistonedepot,,06/19/2025,0,0,0,0,0,0,0,0,0,0,0,0,0,0
1619647795010416,Shreelaxmistonedepot,,06/20/2025,0,0,0,0,0,0,0,0,0,0,0,0,0,0
1619647795010416,Shreelaxmistonedepot,,06/21/2025,0,0,0,0,0,0,1,0,0,0,0,0,0,0
1619647795010416,Shreelaxmistonedepot,,06/22/2025,0,0,0,0,0,0,0,0,0,0,0,0,0,0
1619647795010416,Shreelaxmistonedepot,,06/23/2025,0,0,0,0,0,0,0,0,0,0,0,0,0,0
1619647795010416,Shreelaxmistonedepot,,06/24/2025,0,0,0,0,0,0,0,0,0,0,0,0,0,0
1619647795010416,Shreelaxmistonedepot,,06/25/2025,0,0,0,0,0,0,1,0,0,0,0,0,0,0
1619647795010416,Shreelaxmistonedepot,,06/26/2025,0,0,0,0,0,0,1,0,0,0,0,0,0,0
1619647795010416,Shreelaxmistonedepot,,06/27/2025,0,0,0,0,0,0,0,0,0,0,0,0,0,0
1619647795010416,Shreelaxmistonedepot,,06/28/2025,0,0,0,0,0,0,0,0,0,0,0,0,0,0
1619647795010416,Shreelaxmistonedepot,,06/29/2025,0,0,0,0,0,0,0,0,0,0,0,0,0,0
1619647795010416,Shreelaxmistonedepot,,06/30/2025,0,0,0,0,0,0,0,0,0,0,0,0,0,0
1619647795010416,Shreelaxmistonedepot,,07/01/2025,0,0,0,0,0,0,1,0,0,0,0,0,0,0
1619647795010416,Shreelaxmistonedepot,,07/02/2025,0,0,0,0,0,0,1,0,0,0,0,0,0,0
1619647795010416,Shreelaxmistonedepot,,07/03/2025,0,0,0,0,0,0,1,0,0,0,0,0,0,0
1619647795010416,Shreelaxmistonedepot,,07/04/2025,0,0,0,0,0,0,0,0,0,0,0,0,0,0
1619647795010416,Shreelaxmistonedepot,,07/05/2025,0,0,0,0,0,0,1,0,0,0,0,0,0,0
1619647795010416,Shreelaxmistonedepot,,07/06/2025,0,0,0,0,0,0,0,0,0,0,0,0,0,0
1619647795010416,Shreelaxmistonedepot,,07/07/2025,0,0,0,0,0,0,1,0,0,0,0,0,0,0
1619647795010416,Shreelaxmistonedepot,,07/08/2025,0,0,0,0,0,0,0,0,0,0,0,0,0,0
1619647795010416,Shreelaxmistonedepot,,07/09/2025,0,0,0,0,0,0,2,0,0,0,0,0,0,0
1619647795010416,Shreelaxmistonedepot,,07/10/2025,0,0,0,0,0,0,1,0,0,0,0,0,0,0
1619647795010416,Shreelaxmistonedepot,,07/11/2025,0,0,0,0,0,0,1,0,0,0,0,0,0,0
1619647795010416,Shreelaxmistonedepot,,07/12/2025,0,0,0,0,0,0,2,0,0,0,0,0,0,0
1619647795010416,Shreelaxmistonedepot,,07/13/2025,0,0,0,0,0,0,1,0,0,0,0,0,0,0
1619647795010416,Shreelaxmistonedepot,,07/14/2025,0,0,0,0,0,0,0,0,0,0,0,0,0,0
1619647795010416,Shreelaxmistonedepot,,07/15/2025,0,0,0,0,0,0,0,0,0,0,0,0,0,0
1619647795010416,Shreelaxmistonedepot,,07/16/2025,0,0,0,0,0,0,0,0,0,0,0,0,0,0
1619647795010416,Shreelaxmistonedepot,,07/17/2025,0,0,0,0,0,0,1,0,0,0,0,0,0,0
1619647795010416,Shreelaxmistonedepot,,07/18/2025,0,0,0,0,0,0,0,0,0,0,0,0,0,0
1619647795010416,Shreelaxmistonedepot,,07/19/2025,0,0,0,0,0,0,1,0,0,0,0,0,0,0
1619647795010416,Shreelaxmistonedepot,,07/20/2025,0,0,0,0,0,0,5,0,0,0,0,0,0,0
1619647795010416,Shreelaxmistonedepot,,07/21/2025,0,0,0,0,0,0,2,0,0,0,0,0,0,0
1619647795010416,Shreelaxmistonedepot,,07/22/2025,0,0,0,0,0,0,1,0,0,0,0,0,0,0
1619647795010416,Shreelaxmistonedepot,,07/23/2025,0,0,0,0,0,0,0,0,0,0,0,0,0,0
1619647795010416,Shreelaxmistonedepot,,07/24/2025,0,0,0,0,0,0,0,0,0,0,0,0,0,0
1619647795010416,Shreelaxmistonedepot,,07/25/2025,0,0,0,0,0,0,1,0,0,0,0,0,0,0
1619647795010416,Shreelaxmistonedepot,,07/26/2025,0,0,0,0,0,0,0,0,0,0,0,0,0,0
1619647795010416,Shreelaxmistonedepot,,07/27/2025,0,0,0,0,0,0,0,0,0,0,0,0,0,0
1619647795010416,Shreelaxmistonedepot,,07/28/2025,0,0,0,0,0,0,1,0,0,0,0,0,0,0
1619647795010416,Shreelaxmistonedepot,,07/29/2025,0,0,0,0,0,0,1,0,0,0,0,0,0,0
1619647795010416,Shreelaxmistonedepot,,07/30/2025,0,0,0,0,0,0,0,0,0,0,0,0,0,0
1619647795010416,Shreelaxmistonedepot,,07/31/2025,0,0,0,0,0,0,0,0,0,0,0,0,0,0
1619647795010416,Shreelaxmistonedepot,,08/01/2025,0,0,0,0,0,0,0,0,0,0,0,0,0,0
1619647795010416,Shreelaxmistonedepot,,08/02/2025,0,0,0,0,0,0,0,0,0,0,0,0,0,0
1619647795010416,Shreelaxmistonedepot,,08/03/2025,0,0,0,0,0,0,0,0,0,0,0,0,0,0
1619647795010416,Shreelaxmistonedepot,,08/04/2025,0,0,0,0,0,0,0,0,0,0,0,0,0,0
1619647795010416,Shreelaxmistonedepot,,08/05/2025,0,0,0,0,0,0,1,0,0,0,0,0,0,0
1619647795010416,Shreelaxmistonedepot,,08/06/2025,0,0,0,0,0,0,0,0,0,0,0,0,0,0
1619647795010416,Shreelaxmistonedepot,,08/07/2025,0,0,0,0,0,0,0,0,0,0,0,0,0,0
1619647795010416,Shreelaxmistonedepot,,08/08/2025,0,0,0,0,0,0,2,0,0,0,0,0,0,0
1619647795010416,Shreelaxmistonedepot,,08/09/2025,0,0,0,0,0,0,0,0,0,0,0,0,0,0
1619647795010416,Shreelaxmistonedepot,,08/10/2025,0,0,0,0,0,0,0,0,0,0,0,0,0,0
1619647795010416,Shreelaxmistonedepot,,08/11/2025,0,0,0,0,0,0,0,0,0,0,0,0,0,0
1619647795010416,Shreelaxmistonedepot,,08/12/2025,0,0,0,0,0,0,1,0,0,0,0,0,0,0
1619647795010416,Shreelaxmistonedepot,,08/13/2025,0,0,0,0,0,0,2,0,0,0,0,0,0,0
1619647795010416,Shreelaxmistonedepot,,08/14/2025,0,0,0,0,0,0,2,0,0,0,0,0,0,0
1619647795010416,Shreelaxmistonedepot,,08/15/2025,0,0,0,0,0,0,0,0,0,0,0,0,0,0
1619647795010416,Shreelaxmistonedepot,,08/16/2025,0,0,0,0,0,0,0,0,0,0,0,0,0,0
1619647795010416,Shreelaxmistonedepot,,08/17/2025,0,0,0,0,0,0,0,0,0,0,0,0,0,0
1619647795010416,Shreelaxmistonedepot,,08/18/2025,0,0,0,0,0,0,0,0,0,0,0,0,0,0
1619647795010416,Shreelaxmistonedepot,,08/19/2025,0,0,0,0,0,0,1,0,0,0,0,0,0,0
1619647795010416,Shreelaxmistonedepot,,08/20/2025,0,0,0,0,0,0,2,0,0,0,0,0,0,0
1619647795010416,Shreelaxmistonedepot,,08/21/2025,0,0,0,0,0,0,0,0,0,0,0,0,0,0
1619647795010416,Shreelaxmistonedepot,,08/22/2025,0,0,0,0,0,0,1,0,0,0,0,0,0,0
1619647795010416,Shreelaxmistonedepot,,08/23/2025,0,0,0,0,0,0,0,0,0,0,0,0,0,0
1619647795010416,Shreelaxmistonedepot,,08/24/2025,0,0,0,0,0,0,1,0,0,0,0,0,0,0
1619647795010416,Shreelaxmistonedepot,,08/25/2025,0,0,0,0,0,0,0,0,0,0,0,0,0,0
1619647795010416,Shreelaxmistonedepot,,08/26/2025,0,0,0,0,0,0,1,0,0,0,0,0,0,0
1619647795010416,Shreelaxmistonedepot,,08/27/2025,0,0,0,0,0,0,0,0,0,0,0,0,0,0
1619647795010416,Shreelaxmistonedepot,,08/28/2025,0,0,0,0,0,0,1,0,0,0,0,0,0,0
1619647795010416,Shreelaxmistonedepot,,08/29/2025,0,0,0,0,0,0,0,0,0,0,0,0,0,0
1619647795010416,Shreelaxmistonedepot,,08/30/2025,0,0,0,0,0,0,0,0,0,0,0,0,0,0
1619647795010416,Shreelaxmistonedepot,,08/31/2025,0,0,0,0,0,0,0,0,0,0,0,0,0,0
1619647795010416,Shreelaxmistonedepot,,09/01/2025,0,0,0,0,0,0,0,0,0,0,0,0,0,0
1619647795010416,Shreelaxmistonedepot,,09/02/2025,0,0,0,0,0,0,0,0,0,0,0,0,0,0
1619647795010416,Shreelaxmistonedepot,,09/03/2025,0,0,0,0,0,0,0,0,0,0,0,0,0,0
1619647795010416,Shreelaxmistonedepot,,09/04/2025,0,0,0,0,0,0,2,0,0,0,0,0,0,0
1619647795010416,Shreelaxmistonedepot,,09/05/2025,0,0,0,0,0,0,12,0,0,0,0,0,0,0
1619647795010416,Shreelaxmistonedepot,,09/06/2025,0,0,0,0,0,0,18,0,0,0,0,0,0,0
1619647795010416,Shreelaxmistonedepot,,09/07/2025,0,0,0,0,0,0,12,0,0,0,0,0,0,0
1619647795010416,Shreelaxmistonedepot,,09/08/2025,0,0,0,0,0,0,17,0,0,0,0,0,0,0
1619647795010416,Shreelaxmistonedepot,,09/09/2025,0,0,0,0,0,0,25,0,0,0,0,0,0,0
1619647795010416,Shreelaxmistonedepot,,09/10/2025,0,0,0,0,0,0,26,0,0,0,0,0,0,0
1619647795010416,Shreelaxmistonedepot,,09/11/2025,0,0,0,0,0,0,32,0,0,0,0,0,0,0
1619647795010416,Shreelaxmistonedepot,,09/12/2025,0,0,0,0,0,0,37,0,0,0,0,0,0,0
1619647795010416,Shreelaxmistonedepot,,09/13/2025,0,0,0,0,0,0,26,0,0,0,0,0,0,0
1619647795010416,Shreelaxmistonedepot,,09/14/2025,0,0,0,0,0,0,40,0,0,0,0,0,0,0
1619647795010416,Shreelaxmistonedepot,,09/15/2025,0,0,0,0,0,0,2,0,0,0,0,0,0,0
1619647795010416,Shreelaxmistonedepot,,09/16/2025,0,0,0,0,0,0,0,0,0,0,0,0,0,0
1619647795010416,Shreelaxmistonedepot,,09/17/2025,0,0,0,0,0,0,0,0,0,0,0,0,0,0
1619647795010416,Shreelaxmistonedepot,,09/18/2025,0,0,0,0,0,0,0,0,0,0,0,0,0,0
1619647795010416,Shreelaxmistonedepot,,09/19/2025,0,0,0,0,0,0,0,0,0,0,0,0,0,0
1619647795010416,Shreelaxmistonedepot,,09/20/2025,0,0,0,0,0,0,101,0,0,0,0,0,0,0
1619647795010416,Shreelaxmistonedepot,,09/21/2025,0,0,0,0,0,0,45,0,0,0,0,0,0,0
1619647795010416,Shreelaxmistonedepot,,09/22/2025,0,0,0,0,0,0,26,0,0,0,0,0,0,0
1619647795010416,Shreelaxmistonedepot,,09/23/2025,0,0,0,0,0,0,31,0,0,0,0,0,0,0
1619647795010416,Shreelaxmistonedepot,,09/24/2025,0,0,0,0,0,0,0,0,0,0,0,0,0,0
1619647795010416,Shreelaxmistonedepot,,09/25/2025,0,0,0,0,0,0,0,0,0,0,0,0,0,0
1619647795010416,Shreelaxmistonedepot,,09/26/2025,0,0,0,0,0,0,0,0,0,0,0,0,0,0
1619647795010416,Shreelaxmistonedepot,,09/27/2025,0,0,0,0,0,0,0,0,0,0,0,0,0,0
1619647795010416,Shreelaxmistonedepot,,09/28/2025,0,0,0,0,0,0,0,0,0,0,0,0,0,0
1619647795010416,Shreelaxmistonedepot,,09/29/2025,0,0,0,0,0,0,0,0,0,0,0,0,0,0
1619647795010416,Shreelaxmistonedepot,,09/30/2025,0,0,0,0,0,0,0,0,0,0,0,0,0,0
1619647795010416,Shreelaxmistonedepot,,10/01/2025,0,0,0,0,0,0,1,0,0,0,0,0,0,0
1619647795010416,Shreelaxmistonedepot,,10/02/2025,0,0,0,0,0,0,1,0,0,0,0,0,0,0
1619647795010416,Shreelaxmistonedepot,,10/03/2025,0,0,0,0,0,0,0,0,0,0,0,0,0,0
1619647795010416,Shreelaxmistonedepot,,10/04/2025,0,0,0,0,0,0,0,0,0,0,0,0,0,0
1619647795010416,Shreelaxmistonedepot,,10/05/2025,0,0,0,0,0,0,1,0,0,0,0,0,0,0
1619647795010416,Shreelaxmistonedepot,,10/06/2025,0,0,0,0,0,0,0,0,0,0,0,0,0,0
1619647795010416,Shreelaxmistonedepot,,10/07/2025,0,0,0,0,0,0,0,0,0,0,0,0,0,0
1619647795010416,Shreelaxmistonedepot,,10/08/2025,0,0,0,0,0,0,0,0,0,0,0,0,0,0
1619647795010416,Shreelaxmistonedepot,,10/09/2025,0,0,0,0,0,0,0,0,0,0,0,0,0,0
1619647795010416,Shreelaxmistonedepot,,10/10/2025,0,0,0,0,0,0,0,0,0,0,0,0,0,0
1619647795010416,Shreelaxmistonedepot,,10/11/2025,0,0,0,0,0,0,0,0,0,0,0,0,0,0
1619647795010416,Shreelaxmistonedepot,,10/12/2025,0,0,0,0,0,0,0,0,0,0,0,0,0,0
1619647795010416,Shreelaxmistonedepot,,10/13/2025,0,0,0,0,0,0,0,0,0,0,0,0,0,0
1619647795010416,Shreelaxmistonedepot,,10/14/2025,0,0,0,0,0,0,0,0,0,0,0,0,0,0
1619647795010416,Shreelaxmistonedepot,,10/15/2025,0,0,0,0,0,0,0,0,0,0,0,0,0,0
1619647795010416,Shreelaxmistonedepot,,10/16/2025,0,0,0,0,0,0,1,0,0,0,0,0,0,0
1619647795010416,Shreelaxmistonedepot,,10/17/2025,0,0,0,0,0,0,2,0,0,0,0,0,0,0
1619647795010416,Shreelaxmistonedepot,,10/18/2025,0,0,0,0,0,0,0,0,0,0,0,0,0,0
1619647795010416,Shreelaxmistonedepot,,10/19/2025,0,0,0,0,0,0,2,0,0,0,0,0,0,0
1619647795010416,Shreelaxmistonedepot,,10/20/2025,0,0,0,0,0,0,2,0,0,0,0,0,0,0
1619647795010416,Shreelaxmistonedepot,,10/21/2025,0,0,0,0,0,0,1,0,0,0,0,0,0,0
1619647795010416,Shreelaxmistonedepot,,10/22/2025,0,0,0,0,0,0,2,0,0,0,0,0,0,0
1619647795010416,Shreelaxmistonedepot,,10/23/2025,0,0,0,0,0,0,1,0,0,0,0,0,0,0
1619647795010416,Shreelaxmistonedepot,,10/24/2025,0,0,0,0,0,0,0,0,0,0,0,0,0,0
1619647795010416,Shreelaxmistonedepot,,10/25/2025,0,0,0,0,0,0,1,0,0,0,0,0,0,0
1619647795010416,Shreelaxmistonedepot,,10/26/2025,0,0,0,0,0,0,0,0,0,0,0,0,0,0
1619647795010416,Shreelaxmistonedepot,,10/27/2025,0,0,0,0,0,0,1,0,0,0,0,0,0,0
1619647795010416,Shreelaxmistonedepot,,10/28/2025,0,0,0,0,0,0,1,0,0,0,0,0,0,0
1619647795010416,Shreelaxmistonedepot,,10/29/2025,0,0,0,0,0,0,2,0,0,0,0,0,0,0
1619647795010416,Shreelaxmistonedepot,,10/30/2025,0,0,0,0,0,0,0,0,0,0,0,0,0,0
1619647795010416,Shreelaxmistonedepot,,10/31/2025,0,0,0,0,0,0,2,0,0,0,0,0,0,0
1619647795010416,Shreelaxmistonedepot,,11/01/2025,0,0,0,0,0,0,0,0,0,0,0,0,0,0
1619647795010416,Shreelaxmistonedepot,,11/02/2025,0,0,0,0,0,0,1,0,0,0,0,0,0,0
1619647795010416,Shreelaxmistonedepot,,11/03/2025,0,0,0,0,0,0,0,0,0,0,0,0,0,0
1619647795010416,Shreelaxmistonedepot,,11/04/2025,0,0,0,0,0,0,1,0,0,0,0,0,0,0
1619647795010416,Shreelaxmistonedepot,,11/05/2025,0,0,0,0,0,0,0,0,0,0,0,0,0,0
1619647795010416,Shreelaxmistonedepot,,11/06/2025,0,0,0,0,0,0,1,0,0,0,0,0,0,0
1619647795010416,Shreelaxmistonedepot,,11/07/2025,0,0,0,0,0,0,9,0,0,0,0,0,0,0
1619647795010416,Shreelaxmistonedepot,,11/08/2025,0,0,0,0,0,0,25,0,0,0,0,0,0,0
1619647795010416,Shreelaxmistonedepot,,11/09/2025,0,0,0,0,0,0,34,0,0,0,0,0,0,0
1619647795010416,Shreelaxmistonedepot,,11/10/2025,0,0,0,0,0,0,17,0,0,0,0,0,0,0
1619647795010416,Shreelaxmistonedepot,,11/11/2025,0,0,0,0,0,0,18,0,0,0,0,0,0,0
1619647795010416,Shreelaxmistonedepot,,11/12/2025,0,0,0,0,0,0,57,0,0,0,0,0,0,0
1619647795010416,Shreelaxmistonedepot,,11/13/2025,0,0,0,0,0,0,37,0,0,0,0,0,0,0
1619647795010416,Shreelaxmistonedepot,,11/14/2025,0,0,0,0,0,0,6,0,0,0,0,0,0,0
1619647795010416,Shreelaxmistonedepot,,11/15/2025,0,0,0,0,0,0,0,0,0,0,0,0,0,0
1619647795010416,Shreelaxmistonedepot,,11/16/2025,0,0,0,0,0,0,21,0,0,0,0,0,0,0
1619647795010416,Shreelaxmistonedepot,,11/17/2025,0,0,0,0,0,0,21,0,0,0,0,0,0,0
1619647795010416,Shreelaxmistonedepot,,11/18/2025,0,0,0,0,0,0,13,0,0,0,0,0,0,0
1619647795010416,Shreelaxmistonedepot,,11/19/2025,0,0,0,0,0,0,15,0,0,0,0,0,0,0
1619647795010416,Shreelaxmistonedepot,,11/20/2025,0,0,0,0,0,0,9,0,0,0,0,0,0,0
1619647795010416,Shreelaxmistonedepot,,11/21/2025,0,0,0,0,0,0,13,0,0,0,0,0,0,0
1619647795010416,Shreelaxmistonedepot,,11/22/2025,0,0,0,0,0,0,0,0,0,0,0,0,0,0
1619647795010416,Shreelaxmistonedepot,,11/23/2025,0,0,0,0,0,0,0,0,0,0,0,0,0,0
1619647795010416,Shreelaxmistonedepot,,11/24/2025,0,0,0,0,0,0,43,0,0,0,0,0,0,0
1619647795010416,Shreelaxmistonedepot,,11/25/2025,0,0,0,0,0,0,19,0,0,0,0,0,0,0
1619647795010416,Shreelaxmistonedepot,,11/26/2025,0,0,0,0,0,0,15,0,0,0,0,0,0,0
1619647795010416,Shreelaxmistonedepot,,11/27/2025,0,0,0,0,0,0,0,0,0,0,0,0,0,0
1619647795010416,Shreelaxmistonedepot,,11/28/2025,0,0,0,0,0,0,2,0,0,0,0,0,0,0
1619647795010416,Shreelaxmistonedepot,,11/29/2025,0,0,0,0,0,0,2,0,0,0,0,0,0,0
1619647795010416,Shreelaxmistonedepot,,11/30/2025,0,0,0,0,0,0,1,0,0,0,0,0,0,0
1619647795010416,Shreelaxmistonedepot,,12/01/2025,0,0,0,0,0,0,0,0,0,0,0,0,0,0
1619647795010416,Shreelaxmistonedepot,,12/02/2025,0,0,0,0,0,0,0,0,0,0,0,0,0,0
1619647795010416,Shreelaxmistonedepot,,12/03/2025,0,0,0,0,0,0,0,0,0,0,0,0,0,0
1619647795010416,Shreelaxmistonedepot,,12/04/2025,0,0,0,0,0,0,0,0,0,0,0,0,0,0
1619647795010416,Shreelaxmistonedepot,,12/05/2025,0,0,0,0,0,0,0,0,0,0,0,0,0,0
1619647795010416,Shreelaxmistonedepot,,12/06/2025,0,0,0,0,0,0,0,0,0,0,0,0,0,0
1619647795010416,Shreelaxmistonedepot,,12/07/2025,0,0,0,0,0,0,0,0,0,0,0,0,0,0
1619647795010416,Shreelaxmistonedepot,,12/08/2025,0,0,0,0,0,0,0,0,0,0,0,0,0,0
1619647795010416,Shreelaxmistonedepot,,12/09/2025,0,0,0,0,0,0,0,0,0,0,0,0,0,0
1619647795010416,Shreelaxmistonedepot,,12/10/2025,0,0,0,0,0,0,0,0,0,0,0,0,0,0
1619647795010416,Shreelaxmistonedepot,,12/11/2025,0,0,0,0,0,0,0,0,0,0,0,0,0,0
1619647795010416,Shreelaxmistonedepot,,12/12/2025,0,0,0,0,0,0,2,0,0,0,0,0,0,0
1619647795010416,Shreelaxmistonedepot,,12/13/2025,0,0,0,0,0,0,4,0,0,0,0,0,0,0
1619647795010416,Shreelaxmistonedepot,,12/14/2025,0,0,0,0,0,0,5,0,0,0,0,0,0,0
1619647795010416,Shreelaxmistonedepot,,12/15/2025,0,0,0,0,0,0,2,0,0,0,0,0,0,0
1619647795010416,Shreelaxmistonedepot,,12/16/2025,0,0,0,0,0,0,1,0,0,0,0,0,0,0
1619647795010416,Shreelaxmistonedepot,,12/17/2025,0,0,0,0,0,0,0,0,0,0,0,0,0,0
1619647795010416,Shreelaxmistonedepot,,12/18/2025,0,0,0,0,0,0,1,0,0,0,0,0,0,0
1619647795010416,Shreelaxmistonedepot,,12/19/2025,0,0,0,0,0,0,2,0,0,0,0,0,0,0
1619647795010416,Shreelaxmistonedepot,,12/20/2025,0,0,0,0,0,0,1,0,0,0,0,0,0,0
1619647795010416,Shreelaxmistonedepot,,12/21/2025,0,0,0,0,0,0,1,0,0,0,0,0,0,0
1619647795010416,Shreelaxmistonedepot,,12/22/2025,0,0,0,0,0,0,0,0,0,0,0,0,0,0
1619647795010416,Shreelaxmistonedepot,,12/23/2025,0,0,0,0,0,0,1,0,0,0,0,0,0,0
1619647795010416,Shreelaxmistonedepot,,12/24/2025,0,0,0,0,0,0,1,0,0,0,0,0,0,0
1619647795010416,Shreelaxmistonedepot,,12/25/2025,0,0,0,0,0,0,0,0,0,0,0,0,0,0
1619647795010416,Shreelaxmistonedepot,,12/26/2025,0,0,0,0,0,0,0,0,0,0,0,0,0,0
1619647795010416,Shreelaxmistonedepot,,12/27/2025,0,0,0,0,0,0,0,0,0,0,0,0,0,0
1619647795010416,Shreelaxmistonedepot,,12/28/2025,0,0,0,0,0,0,0,0,0,0,0,0,0,0
1619647795010416,Shreelaxmistonedepot,,12/29/2025,0,0,0,0,0,0,2,0,0,0,0,0,0,0
1619647795010416,Shreelaxmistonedepot,,12/30/2025,0,0,0,0,0,0,0,0,0,0,0,0,0,0
1619647795010416,Shreelaxmistonedepot,,12/31/2025,0,0,0,0,0,0,2,0,0,0,0,0,0,0
1619647795010416,Shreelaxmistonedepot,,01/01/2026,0,0,0,0,0,0,0,0,0,0,0,0,0,0
