Channel_ID,Channel_Title,Description,Published_At,Country,Custom_URL,Subscribers,Total_Views,Total_Videos,Channel_Keywords,Banner_Image,Upload_Playlist_ID,Privacy_Status,Made_For_Kids
UC2UXDak6o7rBm23k3Vv5dww,Tina Huang,"Hi! My name is Tina and I’m an ex-Meta data scientist.

This channel is about AI, coding, tech, career and self-study.

My goal is always to minimize effort and maximise outcome.

I basically refuse to do extra work to achieve my goals (which is why I love AI…)


",2013-08-28T18:05:17Z,US,@tinahuang1,1050000,46089301,291,"""data science"" ""data scientist"" faang tech ""data science tutorials"" vlog ""computer science"" SQL ""data science for beginners"" upenn mcit ""university of pennsylvania"" ""women in tech"" ""computer science career"" ""computer science career change"" ""sql for beginners"" ai vibecoding",https://yt3.googleusercontent.com/VAIsQdqZ88g8eNBEuL0h-kJDnZOJ9aCYkJtivvurnrJY_j4s_D_-k5g06FSoMJRveA_DRCMYlfM,UU2UXDak6o7rBm23k3Vv5dww,public,False
UCLLw7jmFsvfIVaUFsLs8mlQ,Luke Barousse,"What's up, Data Nerds! I'm Luke, a data analyst who loves exploring tech.

❓ If you have a question, drop a comment in any video. 

📩 Email is for business inquiries only, please.


",2020-08-03T09:02:41.213077Z,US,@lukebarousse,576000,28957397,165,"""data visualization"" python ""python tutorial"" ""data analyst"" ""data scientist"" ""data analysis"" data tableau ""power bi"" bi ""build dashboard"" ""dashboard development"" programming ""python data anlysis"" ""data nerd"" ""big data"" technology coding ""learn to code"" ""data science"" ""business intelligence"" ""how to use python"" ""vscode python"" ""data viz by luke"" ""data analytics"" ""data science""",https://yt3.googleusercontent.com/NiqHB8Sy0UaObmZgUVDE3eLrp-GZkn445VvZIj1mB1VRXRwxQGotWNNGLkTnF3LH6k9NmfCj5w,UULLw7jmFsvfIVaUFsLs8mlQ,public,False
UCX6OQ3DkcsbYNE6H8uQQuVA,MrBeast,"SUBSCRIBE FOR A COOKIE!
New MrBeast or MrBeast Gaming video every single Saturday at noon eastern time!
Accomplishments:
- Raised $20,000,000 To Plant 20,000,000 Trees
- Removed 30,000,000 pounds of trash from the ocean
- Helped 2,000 people walk again
- Helped 1,000 blind people see
- Helped 1,000 deaf people hear
- Built wells in Africa
- Built and gave away 100 houses
- Adopted every dog in a shelter (twice)
- Given millions to charity
- Started my own snack company Feastables
- Started my own software company Viewstats
- Started Lunchly, a tasty, better-for-you lunch option
- Gave away a private island (twice)
- Gave away 1 million meals
- I counted to 100k
- Ran a marathon in the world's largest shoes
- Survived 50 hours in Antarctica
- Recreated Squid Game in real life
- Created the largest competition show with 1000 people (Beast Games)
- Gave $5,000,000 to one person
- Passed T-Series to become most subscribed YouTube channel 🥹
you get it, I appreciate all of you so much :)
",2012-02-20T00:43:50Z,US,@mrbeast,451000000,101064663901,919,mrbeast6000 beast mrbeast Mr.Beast mr,https://yt3.googleusercontent.com/5KWiriZZ_KEoEdSMFTJKj2M6vR_XSiRZeQ-ix0cvG3TGZuGoi8sfAjrSiZAP0GzXBkmF8ZGytw,UUX6OQ3DkcsbYNE6H8uQQuVA,public,False
UC7cs8q-gJRlGwj4A8OmCmXg,Alex The Analyst,"My name is Alex Freberg and on this channel I will be going over everything you need to know to become a Data Analyst. If you are wanting to make a career change or learn the skills needed to become a Data Analyst, be sure to subscribe to stay up to date on all my latest content.

You can find me on LinkedIn at:
https://www.linkedin.com/in/alex-freberg/

AlexTheAnalyst.com
https://www.alextheanalyst.com/

Discord Channel:
https://discord.gg/rxZUjNvRzR

Twitter:
@Alex_TheAnalyst

",2020-01-08T05:04:24.970712Z,US,@alextheanalyst,1210000,56858684,410,"""Data Analyst"" ""Data Analyst Salary"" ""How to become a data analyst"" ""How to become a data analyst with no experience"" ""Data Analyst with no degree"" ""Data Analyst with no experience"" ""Data Analyst jobs"" ""Data Analyst resume"" ""data analyst interview questions"" ""Data Analyst tutorial"" ""day in the life of a data analyst"" ""a day in the life of a data analyst"" ""Data Science"" ""Data Science tutorials"" ""How to become a data scientist"" ""data scientist"" ""Alex The Analyst"" ""Tableau for data analysis""",https://yt3.googleusercontent.com/onFXI5XE-5BbtI1TLHFQgvwZQvtUYmqDmIEklB7ZJ1Gr2PdWFXrxI-z_2pbf5hhSdpAoe1rV-Q,UU7cs8q-gJRlGwj4A8OmCmXg,public,False
UCiT9RITQ9PW6BhXK0y2jaeg,Ken Jee,"Hi I'm Ken! On this channel I document my journey preparing for the massive disruption that AI will bring. 

Follow along as I build SaaS products (like newsletterhero.ai) during the golden window of engineering, share insights from my career as a data scientist, and work toward my long term goal of owning a farm and gaining independence from AI and technology. 

If you want honest takes, real experiments, and a front-row seat to the future of work, this channel is for you.

",2014-02-28T14:58:24Z,US,@kenjee_ds,275000,9561004,289,"""Data Science"" ""Sports Analytics"" ""Machine Learning"" Python ""data science projects"" ""data science tutorials"" ""deep learning"" ""Ken Jee"" ""data science jobs"" ""data science day in the life"" ""data scientist"" ""data science for beginners"" AI ""data science 2020"" ""ken's nearest neighbors"" knn technology tech ""tech youtube""",https://yt3.googleusercontent.com/Q-UegzfPrrt0UVyXbtGR9bJijUtlqf0SwUoJkYD380MeG8nfl_wKSUTHHxROq786CnQrtPdoOQ,UUiT9RITQ9PW6BhXK0y2jaeg,public,False
